{
    "QYiQ8ZYuyr8EHcmPayrollEmployeeSaveNew": {
        "lambda": {
            "headers": {
                "X-Senior-Token": "Bearer f7535062a7a16b0a89e7ccd85097ebef"
            },
            "body": {
               "sheetContract": {
                  "admissionOriginType": {
                     "key": "NORMAL",
                     "value": "Normal"
                  },
                  "hireDate": "2015-01-01",
                  "registernumber": 44,
                  "registrationNumber": 45,
                  "hireType": {
                     "key": "Reemprego",
                     "value": "2 - Reemprego"
                  },
                  "situation": {
                     "tableId": "51C46249DAF946D3802F2032F315AF32",
                     "name": "Trabalhando"
                  },
                  "eSocialAdmissionType": {
                     "key": "TYPE_01",
                     "value": "Admissão"
                  },
                  "categoryESocial": {
                     "key": "Category_101",
                     "value": "101 - Empregado - Geral, inclusive o empregado público da administração direta ou indireta contratado pela CLT (Vigente desde 01/01/2015)"
                  },
                  "sefipCategoryType": {
                     "key": "TYPE_01",
                     "value": "Empregado (Vigente desde 01/01/2015)"
                  },
                  "unemploymentInsuranceType": {
                     "key": "NOT_CONSULTED",
                     "value": "Não consultado"
                  },
                  "appearsinRais": "false",
                  "actingType": {
                     "tableId": "2A0F7FB4325E4E999C2D31CBDB9236B9",
                     "name": "Atuação Principal"
                  },
                  "employeeType": {
                     "key": "EMPLOYEE",
                     "value": "1 - Colaborador"
                  },
                  "employmentRelationship": {
                     "tableId": "EC4207CAB2D04BFCA39FDD93FC1C4451",
                     "name": "10 - Trb.Urb,Emp.Jur,CLT (Vigente desde 01/01/2015)"
                  },
                  "duration": 30,
                  "extension": 60,
                  "endDate": "2015-03-31",
                  "customFieldsEmployee": [
                     {
                        "field": "USU_CarCon",
                        "value": null
                     }
                  ],
                  "customFieldsHistoricalExpenseNature": []
               },
               "sheetDocument": {
                  "cpfNumber": "01313035890",
                  "pisNumber": "01340089715",
                  "pisIssuanceDate": "1988-01-01",
                  "ctpsNumber": "000457814",
                  "ctpsSerie": "003",
                  "ctpsState": {
                     "tableId": "F2B4BB785170480FA8216064F0EC0396",
                     "name": "Santa Catarina"
                  },
                  "ctpsIssuanceDate": "1988-01-01",
                  "rgNumber": "32143",
                  "rgIssuer": "SSP",
                  "rgState": {
                     "tableId": "F2B4BB785170480FA8216064F0EC0396",
                     "name": "Santa Catarina"
                  },
                  "rgIssuanceDate": "1988-01-01",
                  "customFieldsRg": []
               },
               "sheetFinancial": {
                  "payType": {
                     "key": "Monthly",
                     "value": "Mensal"
                  },
                  "payMode": {
                     "key": "BankRelationship",
                     "value": "Relação bancária"
                  },
                  "receivesThirteenthSalary": "true",
                  "receivesSalaryAdvance": "false",
                  "bank": {
                     "tableId": "C82D63B8F0B24C6DA4A983EEF6C65DD1",
                     "name": "250 - CAIXA ECONOMICA"
                  },
                  "bankBranch": {
                     "tableId": "7FB214B930E14B5890DE96687613C1DC",
                     "name": "150 - Centro"
                  },
                  "accountType": {
                     "key": "SalaryAccount",
                     "value": "3 - Conta Salário"
                  },
                  "accountNumber": "131",
                  "accountDigit": "058",
                  "optingForFGTS": "true",
                  "customFieldsAccount": [],
                  "useHistoricalBankAccount": false,
                  "hireDate": "1900-01-01"
               },
               "sheetInitial": {
                  "company": {
                     "tableId": "8139548517FC476981D5122E370C4C4F",
                     "name": "1 - Demonstra Ind.& Com. Têxtil S/A"
                  },
                  "contractNationality": {
                     "key": "National",
                     "value": "1 - Nacional"
                  },
                  "employee": {
                     "tableId": "30A4338AE48245E78BA2ADA0C9302844",
                                "30A4338AE48245E78BA2ADA0C9302844
                     "name": "Ana Paula Theiss"
                  },
                  "contractType": {
                     "key": "Employee",
                     "value": "1 - Empregado"
                  },
                  "person": {
                     "tableId": "C2344398B96E4036BC1FB693700D9A43",
                     "name": "Ana Paula Theiss"
                  }
               },
               "sheetPersona": {
                  "attachment": {
                     "attachmentId": "E6BDA0BDD58244C2842776B306978FBE",
                     "fileId": "28793A1232EA4B41BC87B0259BCD735A/1_1_44.bmp",
                     "thumbnail": false
                  },
                  "gender": {
                     "key": "Female",
                     "value": "Feminino"
                  },
                  "birthday": "1960-11-04",
                  "maritalStatus": {
                     "key": "Married",
                     "value": "2 - Casado"
                  },
                  "degreeOfEducation": {
                     "tableId": "98B256FEDD86452FBF04759DC1F66C26",
                     "name": "10 - Pós-Graduação"
                  },
                  "nationality": {
                     "tableId": "E751D81C02CA480E8ADEE12168FDD91C",
                     "name": "10 - Brasileiro"
                  },
                  "race": {
                     "key": "Black",
                     "value": "2 - Preta"
                  },
                  "countryOfBirthday": {
                     "tableId": "4DA3C21C25A84C7AA176B63FFBE9A9EA",
                     "name": "Brasil"
                  },
                  "stateOfBirthday": {
                     "tableId": "F2B4BB785170480FA8216064F0EC0396",
                     "name": "Santa Catarina"
                  },
                  "cityOfBirthday": {
                     "tableId": "C593072C0BE648C28774D228D473A2E1",
                     "name": "BLUMENAU"
                  },
                  "country": {
                     "tableId": "4DA3C21C25A84C7AA176B63FFBE9A9EA",
                     "name": "Brasil"
                  },
                  "cep": "89052320",
                  "state": {
                     "tableId": "F2B4BB785170480FA8216064F0EC0396",
                     "name": "Santa Catarina"
                  },
                  "city": {
                     "tableId": "C593072C0BE648C28774D228D473A2E1",
                     "name": "BLUMENAU"
                  },
                  "addressType": {
                     "key": "Street",
                     "value": "Rua"
                  },
                  "addressName": "Rua 25 de Agosto",
                  "addressNumber": "748",
                  "addressComplement": "Casa",
                  "phones": [
                     {
                        "id": "19BD7D2FE06745CF94381509AAAC7457",
                        "phoneType": {
                           "key": "Personal",
                           "value": "1 - Pessoal/Residencial"
                        },
                        "countryCode": "55_",
                        "localCode": "047",
                        "number": "33225889",
                        "extention": null
                     }
                  ],
                  "isDisability": "false",
                  "isOccupantQuota": "false",
                  "customFieldsPerson": []
               },
               "sheetPlace": {
                  "workstationGroup": {
                     "tableId": "C1DF79D2565A42C7AC6819561974E29B",
                     "name": "ADM012 - Responsável Segurança Ocupacional (Vigente desde 01/01/2015)"
                  },
                  "branch": {
                     "tableId": "353A0E4BF5694915BC4DB8AC41D2D311",
                     "name": "1 - Demonstra S/A - Matriz (Vigente desde 01/01/2015)"
                  },
                  "costCenter": {
                     "tableId": "71BD07757BD146619C2CB52362E2A87D",
                     "name": "1404 - Segurança (Vigente desde 01/01/2015)"
                  },
                  "department": {
                     "tableId": "63DDAF213BBD4B7D9D031B1EBBE8128B",
                     "name": "1.02.01.03 - Segurança (Vigente desde 01/01/2015)"
                  },
                  "jobPosition": {
                     "tableId": "A335DDCAAB544BFBA18AC8B980A376BA",
                     "name": "7 - Técnico Segurança Trabalho (Vigente desde 01/01/2015)"
                  },
                  "workstationGroupStartDate": "2015-01-01",
                  "branchStartDate": "2015-01-01",
                  "costCenterStartDate": "2015-01-01",
                  "departmentStartDate": "2015-01-01",
                  "jobPositionStartDate": "2015-01-01",
                  "customFieldsHistoricalWorkstation": [],
                  "customFieldsHistoricalCostCenter": [],
                  "customFieldsHistoricalJobPosition": [],
                  "customFieldsHistoricalCompanyBranch": [],
                  "customFieldsHistoricalDepartment": []
               },
               "sheetSalary": {
                  "salaryType": {
                     "key": "Monthly",
                     "value": "Mensalista (Vigente desde 01/01/2015)"
                  },
                  "wageScale": {
                     "tableId": "EF4F0994587C4C5895E06DB28C9A96B0",
                     "name": "Demonstração (Vigente desde 01/01/2015)"
                  },
                  "wageClass": {
                     "tableId": "C9C44DCB8CE747B0924D1E7FAB03DA2D",
                     "name": "C (Vigente desde 01/01/2015)"
                  },
                  "wageLevel": {
                     "tableId": "244651C9BDB44863B919F20B88C19844",
                     "name": "1 (Vigente desde 01/01/2015)"
                  },
                  "salary": "1216.02",
                  "customFieldsHistoricalSalary": []
               },
               "sheetSyndicate": [
                  {
                     "syndicate": {
                        "tableId": "64FCDFB64DB7478FAB3E25B1C3FE0AB5",
                        "name": "Sind. Indústria Blumenau (Vigente desde 01/01/2015)"
                     },
                     "isMainSyndicate": true,
                     "isUnionized": true,
                     "isAssistanceFee": false,
                     "isCosting": false,
                     "isReversion": false
                  }
               ],
               "sheetWorkSchedule": {
                  "workshiftStartDate": "2015-01-01",
                  "workshift": {
                     "tableId": "4F276C180D9D4B3293C88B7B1EB136C7",
                     "name": "14:00 1800-1900 22:00/2.Turno (Vigente desde 01/01/2015)"
                  },
                  "workshiftGroup": {
                     "tableId": "BA79ACAFA69040B4BC0A7A6392E6F43E",
                     "name": "1 (Vigente desde 01/01/2015)"
                  },
                  "customFieldsHistoricalWorkshift": []
               },
               "sheetOtherContract": {
                  "otherContractType": {
                     "key": "SINGLE_CONTRACT",
                     "value": "Contrato único"
                  },
                  "customFieldsOtherContract": []
               },
               "sheetEntries": {},
               "sheetComplement": {
                  "retirementType": null,
                  "retirementDate": null,
                  "taxExemption": null,
                  "movementSefipRetirement": null,
                  "transportationVoucherScale": null,
                  "pointEmbarkation": null,
                  "transportationVoucherStartDate": null,
                  "healthAndSafety": {
                     "lastMedicalExaminationDate": null,
                     "nextMedicalExaminationDate": null
                  },
                  "healthPlan": {
                     "healthPlanType": null,
                     "healthPlanCode": null,
                     "registrationCode": null,
                     "inclusionDate": null,
                     "exclusionDate": null,
                     "healthplanCode": null
                  },
                  "qualificationStructure": {
                     "qualification": null,
                     "wagescale": null,
                     "wageclass": null,
                     "wagelevel": null
                  },
                  "badge": null,
                  "issueDotCard": {
                     "key": "Yes",
                     "value": "Sim"
                  },
                  "controlPoint": {
                     "key": "TYPE_1",
                     "value": "Controle de Ponto e Refeitório"
                  },
                  "deleteClockingEventType": {
                     "key": "TYPE_1",
                     "value": "Não eliminar"
                  },
                  "customFieldsHistoricalTransportationVoucherScale": [],
                  "customFieldsRetirement": [],
                  "healthPlanType": null
               }
            }
        }
    }
}