{"metaVersion":2,"name":"Solicitação de férias","icon":"fad fa-umbrella-beach","description":"Solicitação de férias para colaboradores","executionType":"Ecm","entityVersion":12,"author":"anildo","created":"2020-11-05T23:58:09.000","simple":false,"embedded":false,"tag":"férias","viewName":"BPM_solicitacao_de_ferias","contextVariable":[{"id":"e4e2c39075906cb8017596679c7d0bfe","processId":6,"processVersion":1,"name":"periodo_1","label":"Período 1","variableType":"String","orderField":0,"visibleForRequester":false,"deprecated":true,"visibleForDecisionCenter":false},{"id":"e4e2c39075906cb80175964d836a0bbf","processId":6,"processVersion":15,"name":"periodo","label":"Período Aquisitivo","variableType":"String","orderField":0,"visibleForRequester":false,"deprecated":false,"visibleForDecisionCenter":false},{"id":"e4e2c39075906cb80175994562660ec2","processId":6,"processVersion":15,"name":"dias_direito","label":"Dias de Direito","variableType":"Integer","orderField":1,"visibleForRequester":false,"deprecated":false,"visibleForDecisionCenter":false},{"id":"e4e2c39075906cb801759ab81df914fb","processId":6,"processVersion":15,"name":"quantidade_programacoes","label":"Quantidade de Programações","variableType":"Integer","orderField":2,"visibleForRequester":false,"deprecated":false,"visibleForDecisionCenter":false},{"id":"e4e2c39075906cb80175994562720ec4","processId":6,"processVersion":15,"name":"nome_usuario_chefe","label":"Nome Usuário Chefe","variableType":"String","orderField":3,"visibleForRequester":false,"deprecated":false,"visibleForDecisionCenter":false},{"id":"e4e2c39075906cb8017599aa03001172","processId":6,"processVersion":15,"name":"data_inicio_ferias","label":"Data Início Férias","variableType":"Date","orderField":4,"visibleForRequester":false,"deprecated":false,"visibleForDecisionCenter":false},{"id":"e4e2c39075906cb80175994562750ec5","processId":6,"processVersion":15,"name":"dias_ferias","label":"Dias de Férias","variableType":"Integer","orderField":5,"visibleForRequester":false,"deprecated":false,"visibleForDecisionCenter":false},{"id":"e4e2c39075906cb80175994562780ec6","processId":6,"processVersion":15,"name":"dias_abono","label":"Dias de Abono","variableType":"Integer","orderField":6,"visibleForRequester":false,"deprecated":false,"visibleForDecisionCenter":false},{"id":"e4e2c39075906cb80175996785f90f0a","processId":6,"processVersion":15,"name":"adiantamento_13_ferias","label":"Adiantamento 13º Férias","variableType":"String","orderField":7,"visibleForRequester":false,"deprecated":false,"visibleForDecisionCenter":false},{"id":"e4e2c39075906cb801759b17b42615ba","processId":6,"processVersion":15,"name":"periodo_ferias","label":"Período Férias","variableType":"Date","orderField":8,"visibleForRequester":false,"deprecated":false,"visibleForDecisionCenter":false},{"id":"e4e2c39075906cb801759b44158c15f7","processId":6,"processVersion":15,"name":"codigo_empresa","label":"Código Empresa","variableType":"Integer","orderField":9,"visibleForRequester":false,"deprecated":false,"visibleForDecisionCenter":false},{"id":"e4e2c39075906cb80175984da9460d56","processId":6,"processVersion":15,"name":"tipo_colaborador","label":"Tipo Colaborador","variableType":"Integer","orderField":10,"visibleForRequester":false,"deprecated":false,"visibleForDecisionCenter":false},{"id":"e4e2c39075906cb80175984da9490d57","processId":6,"processVersion":15,"name":"cadastro_colaborador","label":"Cadastro Colaborador","variableType":"Integer","orderField":11,"visibleForRequester":false,"deprecated":false,"visibleForDecisionCenter":false},{"id":"e4e2c39075906cb80175996785fc0f0b","processId":6,"processVersion":10,"name":"papel_rh_ferias","label":"Papel RH Férias","variableType":"String","orderField":12,"visibleForRequester":false,"deprecated":true,"visibleForDecisionCenter":false},{"id":"e4e2c39075906cb80175984da9420d55","processId":6,"processVersion":13,"name":"empresa","label":"Empresa","variableType":"Integer","orderField":1,"visibleForRequester":false,"deprecated":true,"visibleForDecisionCenter":false},{"id":"e4e2c39075906cb801759945626f0ec3","processId":6,"processVersion":13,"name":"codigo_usuario_chefe","label":"Código Usuário Chefe","variableType":"Integer","orderField":6,"visibleForRequester":false,"deprecated":true,"visibleForDecisionCenter":false}],"services":[{"id":"e4e2c39075906cb8017599d434401325","name":"criarProgramacaoFerias","execution":"TASK","protocol":"REST","method":"POST","url":"https://ec2-3-237-62-194.compute-1.amazonaws.com:8181/SXI/G5Rest?server\u003dhttp://ec2-3-237-62-194.compute-1.amazonaws.com:8080\u0026module\u003drubi\u0026service\u003dworkflow.senior\u0026port\u003dcriarProgramacaoFerias\u0026serverAuth\u003dhttps://platform-homologx.senior.com.br:8243","params":[{"id":"e4e2c39075906cb8017599d434411327","name":"resultado","input":false,"paramType":"String"},{"id":"e4e2c39075906cb8017599d43442132b","name":"prgDat","input":true,"paramType":"Date"},{"id":"e4e2c39075906cb8017599d43442132c","name":"prgDfe","input":true,"paramType":"Integer"},{"id":"e4e2c39075906cb8017599d43443132d","name":"prgDab","input":true,"paramType":"Integer"},{"id":"e4e2c39075906cb8017599d43443132e","name":"prg13S","input":true,"paramType":"String"},{"id":"e4e2c39075906cb8017599d434411326","name":"iniPer","input":true,"paramType":"Date"},{"id":"e4e2c39075906cb801759b420fa515f4","name":"numEmp","input":true,"paramType":"Integer"},{"id":"e4e2c39075906cb801759b420fa615f5","name":"tipCol","input":true,"paramType":"Integer"},{"id":"e4e2c39075906cb801759b420fa615f6","name":"numCad","input":true,"paramType":"Integer"}]}],"customAssignments":[],"form":{"name":"solicitacao_ferias","title":"Solicitação de Férias","version":12,"fields":[{"name":"periodo","type":"String","label":"Período Aquisitivo","size":"50%","order":0,"required":false,"validationRegex":"","tooltip":"Período Aquisitivo das Férias","datasource":{"type":"Query","config":"{\"name\":\"buscaPeriodoFerias\",\"field\":\"descricaoPeriodo\",\"filters\":[]}"},"appWorkflow":false,"isBreakLine":true},{"name":"dias_direito","type":"Integer","label":"Dias de Direito","size":"25%","order":1,"required":false,"validationRegex":"","tooltip":"Dias de Direito","mask":"0","datasource":{"type":"Resulting","config":"{\"formField\":\"periodo\",\"dataSourceField\":\"qtdDir\"}"},"appWorkflow":false,"isBreakLine":false},{"name":"quantidade_programacoes","type":"Integer","label":"Quantidade de Programações","size":"25%","order":2,"required":false,"validationRegex":"","tooltip":"Quantidade de Programações","mask":"0","datasource":{"type":"Resulting","config":"{\"formField\":\"periodo\",\"dataSourceField\":\"qtdProgramacoes\"}"},"appWorkflow":false,"isBreakLine":false},{"name":"nome_usuario_chefe","type":"String","label":"Nome Usuário Chefe","size":"25%","order":3,"required":false,"validationRegex":"","tooltip":"Nome Usuário Chefe","mask":"","datasource":{"type":"Resulting","config":"{\"formField\":\"periodo\",\"dataSourceField\":\"nomUsuChe\"}"},"appWorkflow":false,"isBreakLine":true},{"name":"data_inicio_ferias","type":"Date","label":"Data Início Férias","size":"25%","order":4,"required":false,"validationRegex":"","tooltip":"Data Início Férias","mask":"DD/MM/AAAA","appWorkflow":false,"isBreakLine":false},{"name":"dias_ferias","type":"Integer","label":"Dias de Férias","size":"25%","order":5,"required":false,"validationRegex":"","tooltip":"Dias de Férias","mask":"0","appWorkflow":false,"isBreakLine":false},{"name":"dias_abono","type":"Integer","label":"Dias de Abono","size":"25%","order":6,"required":false,"validationRegex":"","tooltip":"Dias de Abono","mask":"0","appWorkflow":false,"isBreakLine":false},{"name":"adiantamento_13_ferias","type":"List","label":"Adiantamento 13º Férias","size":"25%","order":7,"items":[{"value":"Sim"},{"value":"Não"}],"required":false,"validationRegex":"","tooltip":"Adiantamento 13º Férias","mask":"","appWorkflow":false,"isBreakLine":true},{"name":"periodo_ferias","type":"Date","label":"Período Férias","size":"25%","order":8,"required":false,"validationRegex":"","tooltip":"Período férias","mask":"DD/MM/AAAA","datasource":{"type":"Resulting","config":"{\"formField\":\"periodo\",\"dataSourceField\":\"iniPer\"}"},"appWorkflow":false,"isBreakLine":false},{"name":"codigo_empresa","type":"Integer","label":"Código Empresa","size":"25%","order":9,"required":false,"validationRegex":"","tooltip":"Código Empresa","mask":"0","datasource":{"type":"Resulting","config":"{\"formField\":\"periodo\",\"dataSourceField\":\"numEmp\"}"},"appWorkflow":false,"isBreakLine":false},{"name":"tipo_colaborador","type":"Integer","label":"Tipo Colaborador","size":"25%","order":10,"required":false,"validationRegex":"","tooltip":"Tipo Colaborador","datasource":{"type":"Resulting","config":"{\"formField\":\"periodo\",\"dataSourceField\":\"tipCol\"}"},"appWorkflow":false,"isBreakLine":false},{"name":"cadastro_colaborador","type":"Integer","label":"Cadastro Colaborador","size":"25%","order":11,"required":false,"validationRegex":"","tooltip":"Cadastro Colaborador","datasource":{"type":"Resulting","config":"{\"formField\":\"periodo\",\"dataSourceField\":\"numCad\"}"},"appWorkflow":false,"isBreakLine":false}],"formLayout":"{\"layoutElements\":[],\"jsonVersion\":1}","internal":false,"formRules":[{"triggerType":"ON_FIELD_EXIT","triggerFields":["dias_direito","dias_ferias","dias_abono"],"condition":"${dias_direito}\u003e0\u0026\u0026((${dias_ferias}+${dias_abono})\u003e${dias_direito})","actions":[{"type":"MAKE_FIELDS_CONSISTENCE","message":"Quantidade de dias de férias e abono não pode ser superior a quantidade de dias de direito","fields":["dias_ferias"]}],"enabled":true},{"triggerType":"ON_FIELD_EXIT","triggerFields":["quantidade_programacoes"],"condition":"${quantidade_programacoes}\u003e1","actions":[{"type":"DISABLE_FIELDS","fields":["dias_abono","adiantamento_13_ferias"]}],"enabled":true}]},"entity":{"name":"solicitacao_ferias","title":"solicitacao_ferias","type":"FORM","attributes":[{"name":"adiantamento_13_ferias","type":"String"},{"name":"cadastro_colaborador","type":"Integer"},{"name":"codigo_empresa","type":"Integer"},{"name":"codigo_usuario_chefe","type":"Integer"},{"name":"data_inicio_ferias","type":"Date"},{"name":"dias_abono","type":"Integer"},{"name":"dias_direito","type":"Integer"},{"name":"dias_ferias","type":"Integer"},{"name":"empresa","type":"Integer"},{"name":"nome_usuario_chefe","type":"String"},{"name":"papel_rh_ferias","type":"String"},{"name":"periodo","type":"String"},{"name":"periodo_1","type":"String"},{"name":"periodo_ferias","type":"Date"},{"name":"quantidade_programacoes","type":"Integer"},{"name":"tipo_colaborador","type":"Integer"}]},"dataSources":[{"id":3,"name":"buscaPeriodoFerias","format":"JSON","dataUrl":"https://ec2-3-237-62-194.compute-1.amazonaws.com:8181/SXI/G5Rest?server\u003dhttp://localhost:8080\u0026module\u003drubi\u0026service\u003dworkflow.senior\u0026port\u003dbuscaPeriodoFerias\u0026serverAuth\u003dhttps://platform-homologx.senior.com.br:8243\u0026DATASOURCEATTRNAME\u003dperiodos","jsonRootElement":"periodos","entityName":"","filterSupport":false,"fields":[{"name":"qtdProgramacoes","description":"Quantidade Programações","type":"Integer","fieldOrder":0},{"name":"qtdDir","description":"Dias de Direito","type":"Integer","fieldOrder":1},{"name":"descricaoPeriodo","description":"Período Aquisitivo","type":"String","fieldOrder":2},{"name":"nomUsuChe","description":"Nome Usuário do Chefe","type":"String","fieldOrder":3},{"name":"iniPer","description":"Período Férias","type":"Date","fieldOrder":4},{"name":"numEmp","description":"Código Empresa","type":"Integer","fieldOrder":5},{"name":"tipCol","description":"Tipo Colaborador","type":"Integer","fieldOrder":6},{"name":"numCad","description":"Cadastro Colaborador","type":"Integer","fieldOrder":7}]}],"variableVisibility":"ALWAYS","taskVisibleAfterTreated":false}