{
    "QYiQ8ZYuyr8EHcmPayrollCreateMergeHistoricalSalary": {
        "lambda": {
            "headers": {
                "X-Senior-Token": "Bearer f7535062a7a16b0a89e7ccd85097ebef"
            },
            "body": {
                "id": "945544F1807E50DEA6AE55805A6C609F",
                "dateWhen": "2020-11-07",
                "employee": {
                    "id": "30A4338AE48245E78BA2ADA0C9302844"
                },
                "salaryType": "Monthly",
                "valueCrypto": 1300,
                "movimentationReason": {
                    "id": "69A0350E2F2C4D8B864A855AAF2F3350"
                },
                "custom": {}
            }
        }
    }
}